{
  "project_info": {
    "project_number": "469506472724",
    "project_id": "pdiotapp-9724c",
    "storage_bucket": "pdiotapp-9724c.appspot.com"
  },
  "client": [
    {
      "client_info": {
        "mobilesdk_app_id": "1:469506472724:android:9b4a1dbcf3d792458fa001",
        "android_client_info": {
          "package_name": "com.specknet.pdiotapp"
        }
      },
      "oauth_client": [
        {
          "client_id": "469506472724-nplvmm3lpvhokdcds30cf6te4981jio1.apps.googleusercontent.com",
          "client_type": 3
        }
      ],
      "api_key": [
        {
          "current_key": "AIzaSyCmSTwZ52VCiRl3QklGvd01mz8pNHV68IM"
        }
      ],
      "services": {
        "appinvite_service": {
          "other_platform_oauth_client": [
            {
              "client_id": "469506472724-nplvmm3lpvhokdcds30cf6te4981jio1.apps.googleusercontent.com",
              "client_type": 3
            }
          ]
        }
      }
    }
  ],
  "configuration_version": "1"
}